,User,Salt,Password
,tanja,d4ef2164aa1dadac,3aad8b27c673f15d71e003b19af95d07
,alexander,cb1a78cc718969c4,d5ef54c2de8f28c3ce0622d0280488b9
,annikki,da64be8fb366ebf6,e4ce67c4b4745e98f2ea1fb72ac2a63f
,atte,775ff699e1d18a39,38758817b2f12737af7d28f3e1cd2c13
,bayarmaa,0ba65b296952983a,2e3c72c2f3b16a6188e10ebeebd40f93
,biel,cb58e914734a3b3b,f38f38813a45875a2a7da05476852263
,carla,9090fbd6d039c034,b1d87f1586305efbc5ec4497f06a3a49
,faisal,89b1eecf2b91c1c6,a1d39b57a8c8a3e7f05d58372b9c1df9
,florencia,221814850e6d0246,a53d138e9bd77d04cdf72edd273bfe10
,immanuel,d1c79047ef1eca8d,71595ce40b661a8618c0b2288f3242b6
,impi,f60bf7bc8beae86b,08fa96a7146f157ddf47d0d303a26bbb
,ingrid,22ec735ad04ca0e6,8b01e8609d41755f4b69c0d591cbc2f4
,jonna,0fa299e253b4872c,b9ba001087c2b4bd14aefd7b37abb47d
,jovan,f2305d706b0741bb,7fb555e5ab77225dee4f697bd5513ade
,klaara,26ac3b47e2ee2563,df4e4609b02e69a3c97211c524621cf4
,maire,f1da5267793f1174,af06251db2af74cb6b9e17a8d6f1ba10
,matias,d874917a141addee,e59c88e865d535a07b71204940a41c90
,matti,b3f81f2e12ebd4c7,fc19756f07b916c1846ef432c7d75a0e
,mimmi,7fb7121b3755e726,0efa09835cef47a25077180225bdf78c
,nurul,2942dc2f9f5b5046,b0ca3e5b037e50d9dc1ba7366106c80b
,paulus,5a70d756cb6eb4bf,5ebe9b6191d57b9163ec506ca80a38d4
,reihaneh,77cd1a112ae6e351,3d158bbba0f08d533e02ba7a0683e15c
,rita,a32f5bb697bc393b,8d21fa20e8c08006e649ac3e0552e25d
,robo,9ecd3c7c98e43dc9,51d31a38d94956312804bd7e1aebbd89
,samkelo,073fe9e68ec9733a,d9ef0aa40119c96e4695b4ec849897e3
,sinikka,b7c78d35fbea0e4e,8f53488bb714aecebd3dd340199ae0c2
,sirkku,57c91bfe640afefc,35d597daec8d964b719c72e846484eea
,siyabonga,70768297a60ecaff,9639a494b05b1f2b0d0f65061c7cdda1
,student,9ecd3c7c98e43dc9,4df41c009fff00ffd7fbc95996c3cb55
,suzana,8ac4e3aae2397d93,7bac2142540e5a546b6d1989e0996615
,teija,9ecd3c7c98e43dc9,7cc4adbfb67cb18b7da66ed5d68b85a5
,untamo,d6f3f293e5046400,50ec53f6b7d41e640e6a837f123d862a
,valio,101a53cb2c603f5e,5fcd6454b635573d06a177cb8a907db9
,wales,ed6eabd65506338c,6a1a400eb1e9e99023aab5aa9f59932e
,zeynep,d79f412def110288,047fdbee0554fa92c506e7c5982f1795